,address,baths,beds,id,lat,lng,photoUrl,photoUrlForHdDpiDisplay,price,satellitePhotoUrl,shortPrice,sqft,streetViewPhotoUrl,url
0,372 Central Park W #5BC,3ba,3bd,5047458233,40.792442,-73.96432,/pictures/thumbs_3/zillowstatic/ISugwwx8zwuqir1000000000.jpg,/pictures/thumbs_4/zillowstatic/ISugwwx8zwuqir1000000000.jpg,"$3,695,000",,$3.7m,"2,096 sqft",,/p/ny/new-york/372-central-park-w-5bc-new-york-ny-10025--2360416900
1,613 E 11th St #A3,2ba,3bd,3198217186,40.72731,-73.9785,/pictures/thumbs_3/zillowstatic/ISintxtvxpxuqs1000000000.jpg,/pictures/thumbs_4/zillowstatic/ISintxtvxpxuqs1000000000.jpg,"$1,985,000",,$1.99m,"1,261 sqft",,/p/ny/new-york/613-e-11th-st-a3-new-york-ny-10009--2088817057
2,264 Broadway #C201/02/07,4ba,4bd,5038649067,40.714645,-73.98544,/pictures/thumbs_3/zillowstatic/ISy3pho7h5yky00000000000.jpg,/pictures/thumbs_4/zillowstatic/ISy3pho7h5yky00000000000.jpg,"$2,395,000",,$2.4m,,,/p/ny/new-york/264-broadway-c201-02-07-new-york-ny-10002--2349488364
3,331 Convent Ave,5ba,8bd,5047448518,40.82358,-73.946655,/pictures/thumbs_3/zillowstatic/ISynsl1a7q0qa80000000000.jpg,/pictures/thumbs_4/zillowstatic/ISynsl1a7q0qa80000000000.jpg,"$2,900,000",,$2.9m,"4,915 sqft",,/p/ny/new-york/331-convent-ave-new-york-ny-10031--38983
4,1809 Adam Clayton Powell Jr Blvd #15,1ba,3bd,5047431616,40.79967,-73.9546,/pictures/thumbs_3/zillowstatic/IS62xcro35zh7j1000000000.jpg,/pictures/thumbs_4/zillowstatic/IS62xcro35zh7j1000000000.jpg,"$1,399,000",,$1.4m,,,/p/ny/new-york/1809-adam-clayton-powell-jr-blvd-15-new-york-ny-10026--2189849075
5,401 E 60th St #37C,3ba,3bd,3067368199,40.760376,-73.96068,/pictures/thumbs_3/zillowstatic/ISuwkyzfc8wyt80000000000.jpg,/pictures/thumbs_4/zillowstatic/ISuwkyzfc8wyt80000000000.jpg,"$2,695,000",,$2.7m,"1,956 sqft",,/p/ny/new-york/401-e-60th-st-37c-new-york-ny-10022--2088861209
6,140 Riverside Dr #19H,2ba,3bd,5047443578,40.79016,-73.97974,/pictures/thumbs_3/zillowstatic/ISaph39afu70da1000000000.jpg,/pictures/thumbs_4/zillowstatic/ISaph39afu70da1000000000.jpg,"$7,250,000",,$7.25m,,,/p/ny/new-york/140-riverside-dr-19h-new-york-ny-10024--2192100827
7,100 Barclay St #15B,4ba,3bd,5031982601,40.713894,-74.01257,/pictures/thumbs_3/zillowstatic/ISy7wd51l89jxe0000000000.jpg,/pictures/thumbs_4/zillowstatic/ISy7wd51l89jxe0000000000.jpg,"$5,275,000",,$5.28m,"2,446 sqft",,/p/ny/new-york/100-barclay-st-15b-new-york-ny-10007--2339689762
8,2 River Ter #24AB,4ba,4bd,5047435164,40.764877,-73.94704,/pictures/thumbs_3/zillowstatic/ISyj5hnsueldte0000000000.jpg,/pictures/thumbs_4/zillowstatic/ISyj5hnsueldte0000000000.jpg,"$6,395,000",,$6.4m,"3,026 sqft",,/p/ny/new-york/2-river-ter-24ab-new-york-ny-10282--2325197524
9,535 W 110th St #5-F,5ba,4bd,3115865990,40.80398,-73.965546,/pictures/thumbs_3/zillowstatic/ISa1bi5gx2bmdk0000000000.jpg,/pictures/thumbs_4/zillowstatic/ISa1bi5gx2bmdk0000000000.jpg,"$2,695,000",,$2.7m,"2,750 sqft",,/p/ny/new-york/535-w-110th-st-5-f-new-york-ny-10025--2181300759
10,5 Franklin Pl #17B,4ba,4bd,3219286751,40.717842,-74.003685,/pictures/thumbs_3/zillowstatic/ISewdss7f9t3il1000000000.jpg,/pictures/thumbs_4/zillowstatic/ISewdss7f9t3il1000000000.jpg,"$5,950,000",,$5.95m,"2,557 sqft",,/p/ny/new-york/5-franklin-pl-17b-new-york-ny-10013--2008608939
11,171 E 84th St #15GE,3ba,3bd,5047424497,40.777874,-73.95523,/pictures/thumbs_3/zillowstatic/IS6y59n8m66if61000000000.jpg,/pictures/thumbs_4/zillowstatic/IS6y59n8m66if61000000000.jpg,"$3,550,000",,$3.55m,"2,200 sqft",,/p/ny/new-york/171-e-84th-st-15ge-new-york-ny-10028--2327716880
12,1067 5th Ave #2,4ba,4bd,5047436149,40.782444,-73.95932,/pictures/thumbs_3/zillowstatic/ISesq7urlospxn1000000000.jpg,/pictures/thumbs_4/zillowstatic/ISesq7urlospxn1000000000.jpg,"$8,750,000",,$8.75m,,,/p/ny/new-york/1067-5th-ave-2-new-york-ny-10128--2177389730
13,21 E 66th St #2EW,6ba,4bd,5047435107,40.768215,-73.96837,/pictures/thumbs_3/zillowstatic/ISuw03q74r8v6d0000000000.jpg,/pictures/thumbs_4/zillowstatic/ISuw03q74r8v6d0000000000.jpg,"$8,490,000",,$8.49m,"3,602 sqft",,/p/ny/new-york/21-e-66th-st-2ew-new-york-ny-10065--2360404848
14,599 W End Ave #7BC,2ba,3bd,3169954479,40.79083,-73.97678,/pictures/thumbs_3/zillowstatic/ISegt59s4w3jse0000000000.jpg,/pictures/thumbs_4/zillowstatic/ISegt59s4w3jse0000000000.jpg,"$949,000",,$949k,,,/p/ny/new-york/599-w-end-ave-7bc-new-york-ny-10024--2325130724
15,182 W 82nd St #2N,4ba,3bd,3134183474,40.78476,-73.976685,/pictures/thumbs_3/zillowstatic/ISib0no9c8u3z51000000000.jpg,/pictures/thumbs_4/zillowstatic/ISib0no9c8u3z51000000000.jpg,"$5,675,000",,$5.68m,"2,280 sqft",,/p/ny/new-york/182-w-82nd-st-2n-new-york-ny-10024--2178653207
16,135 W 17th St #2B,2ba,3bd,5047415250,40.74011,-73.99688,/pictures/thumbs_3/zillowstatic/ISqxqwly3o1if30000000000.jpg,/pictures/thumbs_4/zillowstatic/ISqxqwly3o1if30000000000.jpg,"$2,750,000",,$2.75m,"2,500 sqft",,/p/ny/new-york/135-w-17th-st-2b-new-york-ny-10011--2209191727
17,190 Riverside Dr #10CD,5ba,5bd,5047436208,40.792755,-73.97665,/pictures/thumbs_3/zillowstatic/ISa9thjzvgh60o1000000000.jpg,/pictures/thumbs_4/zillowstatic/ISa9thjzvgh60o1000000000.jpg,"$6,700,000",,$6.7m,"3,760 sqft",,/p/ny/new-york/190-riverside-dr-10cd-new-york-ny-10024--2360405069
18,1067 5th Ave #2,4ba,4bd,5047443092,40.782444,-73.95932,/pictures/thumbs_3/zillowstatic/IS2fc6p8eh0yni1000000000.jpg,/pictures/thumbs_4/zillowstatic/IS2fc6p8eh0yni1000000000.jpg,"$8,750,000",,$8.75m,,,/p/ny/new-york/1067-5th-ave-2-new-york-ny-10128--2177389730
19,455 Central Park W #22A,3ba,3bd,3219168465,40.797882,-73.96077,/pictures/thumbs_3/zillowstatic/IS2337ykkmwwqe0000000000.jpg,/pictures/thumbs_4/zillowstatic/IS2337ykkmwwqe0000000000.jpg,"$3,495,000",,$3.5m,"2,083 sqft",,/p/ny/new-york/455-central-park-w-22a-new-york-ny-10025--2088879857
20,161 E 90th St #1C,2ba,3bd,5047435215,40.78198,-73.952965,/pictures/thumbs_3/zillowstatic/ISuw0vfegeozqe0000000000.jpg,/pictures/thumbs_4/zillowstatic/ISuw0vfegeozqe0000000000.jpg,"$1,995,000",,$2m,"1,500 sqft",,/p/ny/new-york/161-e-90th-st-1c-new-york-ny-10128--2191408091
21,5 Franklin Pl #34BC,3ba,4bd,5047415273,40.717842,-74.003685,/pictures/thumbs_3/zillowstatic/ISa1380zt6jcg30000000000.jpg,/pictures/thumbs_4/zillowstatic/ISa1380zt6jcg30000000000.jpg,"$5,495,000",,$5.5m,"2,456 sqft",,/p/ny/new-york/5-franklin-pl-34bc-new-york-ny-10013--2327157341
22,117 E 72nd St #9,6ba,6bd,5047358837,40.77097,-73.96277,/pictures/thumbs_3/zillowstatic/ISatobzmxmyuif0000000000.jpg,/pictures/thumbs_4/zillowstatic/ISatobzmxmyuif0000000000.jpg,"$12,500,000",,$12.5m,,,/p/ny/new-york/117-e-72nd-st-9-new-york-ny-10021--2307441143
23,346 E 51st St #7,9ba,9bd,5047352034,40.754616,-73.966545,,,"$5,980,000",//maps.googleapis.com/maps/api/staticmap?client=gme-zillowinc3&zoom=18&size=355x215&maptype=satellite&sensor=false&center=40.754616%2C-73.966545&signature=rv68JpVrCXnF8_jMbo61JdyU89M=,$5.98m,,//maps.googleapis.com/maps/api/streetview?client=gme-zillowinc3&size=355x215&sensor=false&location=40.754616%2C-73.966545&signature=KM3d1LvRQl7cnmmXlGwT-dWHeho=,/p/ny/new-york/346-e-51st-st-7-new-york-ny-10022--2360371796
24,481-487 Greenwich St #5AB,6ba,6bd,5047358840,40.7209,-74.0054,/pictures/thumbs_3/zillowstatic/IS6ixn0dejvjif0000000000.jpg,/pictures/thumbs_4/zillowstatic/IS6ixn0dejvjif0000000000.jpg,"$10,990,000",,$11m,"6,552 sqft",,/p/ny/manhattan/481-487-greenwich-st-5ab-manhattan-ny-10013--2360374468
25,21 Astor Pl #10D,3ba,3bd,5047379788,40.73012,-73.9918,/pictures/thumbs_3/zillowstatic/ISadk5r32svd051000000000.jpg,/pictures/thumbs_4/zillowstatic/ISadk5r32svd051000000000.jpg,"$5,150,000",,$5.15m,"1,993 sqft",,/p/ny/new-york/21-astor-pl-10d-new-york-ny-10003--2008544756
26,105 E 29th St #5,2ba,6bd,5047352031,40.743874,-73.98288,/pictures/thumbs_3/zillowstatic/ISifjohp9nl1010000000000.jpg,/pictures/thumbs_4/zillowstatic/ISifjohp9nl1010000000000.jpg,"$4,250,000",,$4.25m,,,/p/ny/new-york/105-e-29th-st-5-new-york-ny-10016--2173821888
27,346 E 51st St,9ba,9bd,1054173561,40.754616,-73.966545,,,"$5,980,000",//maps.googleapis.com/maps/api/staticmap?client=gme-zillowinc3&zoom=18&size=355x215&maptype=satellite&sensor=false&center=40.754616%2C-73.966545&signature=rv68JpVrCXnF8_jMbo61JdyU89M=,$5.98m,,//maps.googleapis.com/maps/api/streetview?client=gme-zillowinc3&size=355x215&sensor=false&location=40.754616%2C-73.966545&signature=KM3d1LvRQl7cnmmXlGwT-dWHeho=,/p/ny/new-york/346-e-51st-st-new-york-ny-10022--149593
28,175 W 95th St #22FG,4ba,4bd,5047358866,40.793365,-73.97045,/pictures/thumbs_3/zillowstatic/ISyzp7e8hooejd1000000000.jpg,/pictures/thumbs_4/zillowstatic/ISyzp7e8hooejd1000000000.jpg,"$3,895,000",,$3.9m,"2,000 sqft",,/p/ny/new-york/175-w-95th-st-22fg-new-york-ny-10025--2360374463
29,65 E 76th St #3DE,4ba,4bd,3174424380,40.774113,-73.96235,/pictures/thumbs_3/zillowstatic/ISewly6xjfai210000000000.jpg,/pictures/thumbs_4/zillowstatic/ISewly6xjfai210000000000.jpg,"$3,995,000",,$4m,,,/p/ny/new-york/65-e-76th-st-3de-new-york-ny-10021--2325284463
30,509 W 122nd St #20,1ba,3bd,3015531149,40.811134,-73.95909,/pictures/thumbs_3/zillowstatic/IS62t9200ny5gf0000000000.jpg,/pictures/thumbs_4/zillowstatic/IS62t9200ny5gf0000000000.jpg,"$699,000",,$699k,,,/p/ny/new-york/509-w-122nd-st-20-new-york-ny-10027--2173574299
31,303 E 49th St #APT PH22/23,4ba,4bd,992558,40.754356,-73.96885,/pictures/thumbs_3/zillowstatic/ISqp8twjihjkjy0000000000.jpg,/pictures/thumbs_4/zillowstatic/ISqp8twjihjkjy0000000000.jpg,"$3,859,000",,$3.86m,"2,900 sqft",,/p/ny/manhattan/303-e-49th-st-apt-ph22-23-manhattan-ny-10017--256160
32,116 Central Park S #3CD,3ba,3bd,5047380782,40.765625,-73.977486,/pictures/thumbs_3/zillowstatic/IS6a3fvoajij351000000000.jpg,/pictures/thumbs_4/zillowstatic/IS6a3fvoajij351000000000.jpg,"$3,995,000",,$4m,"2,000 sqft",,/p/ny/new-york/116-central-park-s-3cd-new-york-ny-10019--2360382423
33,475 W 22nd St #1,2ba,3bd,3114873007,40.746944,-74.00385,/pictures/thumbs_3/zillowstatic/ISu8aei866rcqb1000000000.jpg,/pictures/thumbs_4/zillowstatic/ISu8aei866rcqb1000000000.jpg,"$3,295,000",,$3.3m,,,/p/ny/new-york/475-w-22nd-st-1-new-york-ny-10011--2180991988
34,251 W 95th St #5N,2ba,3bd,3185928527,40.794167,-73.97235,/pictures/thumbs_3/zillowstatic/IS6mcqr4regqx00000000000.jpg,/pictures/thumbs_4/zillowstatic/IS6mcqr4regqx00000000000.jpg,"$2,495,000",,$2.5m,,,/p/ny/new-york/251-w-95th-st-5n-new-york-ny-10025--2179495028
35,170 E 78th St #8/10A,4ba,3bd,9688148,40.773697,-73.95859,/pictures/thumbs_3/zillowstatic/IS6umnuzi967110000000000.jpg,/pictures/thumbs_4/zillowstatic/IS6umnuzi967110000000000.jpg,"$3,375,000",,$3.38m,,,/p/ny/manhattan/170-e-78th-st-8-10a-manhattan-ny-10075--307232
36,498 W 133rd St #3W,1ba,3bd,5047353416,40.817406,-73.95311,/pictures/thumbs_3/zillowstatic/ISek4pak8am9q00000000000.jpg,/pictures/thumbs_4/zillowstatic/ISek4pak8am9q00000000000.jpg,"$298,500",,$299k,,,/p/ny/new-york/498-w-133rd-st-3w-new-york-ny-10027--2360372169
37,471 W 22nd St #B,2ba,3bd,3186413407,40.7469,-74.003746,/pictures/thumbs_3/zillowstatic/ISa1beino766ra1000000000.jpg,/pictures/thumbs_4/zillowstatic/ISa1beino766ra1000000000.jpg,"$3,650,000",,$3.65m,,,/p/ny/new-york/471-w-22nd-st-b-new-york-ny-10011--2180979672
38,300 E 59th St #2801/02,3ba,4bd,5047387387,40.760414,-73.96424,/pictures/thumbs_3/zillowstatic/IS6qvj6cmkktj11000000000.jpg,/pictures/thumbs_4/zillowstatic/IS6qvj6cmkktj11000000000.jpg,"$2,500,000",,$2.5m,,,/p/ny/new-york/300-e-59th-st-2801-02-new-york-ny-10022--23443
39,140 E 63rd St #7DG,4ba,3bd,3229180297,40.7644,-73.9662,/pictures/thumbs_3/zillowstatic/ISahv02zjonh7l0000000000.jpg,/pictures/thumbs_4/zillowstatic/ISahv02zjonh7l0000000000.jpg,"$4,495,000",,$4.5m,"2,040 sqft",,/p/ny/new-york/140-e-63rd-st-7dg-new-york-ny-10065--2325129601
40,188 E 76th St #10AB,5ba,4bd,5047358846,40.77232,-73.95928,/pictures/thumbs_3/zillowstatic/ISybvbi6abnmif0000000000.jpg,/pictures/thumbs_4/zillowstatic/ISybvbi6abnmif0000000000.jpg,"$5,895,000",,$5.9m,"3,400 sqft",,/p/ny/new-york/188-e-76th-st-10ab-new-york-ny-10021--2360374466
41,25 Barrow St,5ba,4bd,3056233901,40.732376,-74.00293,/pictures/thumbs_3/zillowstatic/ISqxevsl1c6tjb1000000000.jpg,/pictures/thumbs_4/zillowstatic/ISqxevsl1c6tjb1000000000.jpg,"$8,250,000",,$8.25m,"3,400 sqft",,/p/ny/new-york/25-barrow-st-new-york-ny-10014--8907
42,2025 Broadway #21K,4ba,3bd,3091149411,40.77673,-73.98241,/pictures/thumbs_3/zillowstatic/ISqpo9g28fzcug0000000000.jpg,/pictures/thumbs_4/zillowstatic/ISqpo9g28fzcug0000000000.jpg,"$3,125,000",,$3.13m,"2,100 sqft",,/p/ny/new-york/2025-broadway-21k-new-york-ny-10023--2008647203
43,40 E End Ave #4A,4ba,3bd,3108725606,40.772022,-73.94738,/pictures/thumbs_3/zillowstatic/ISijenwhhjv4au1000000000.jpg,/pictures/thumbs_4/zillowstatic/ISijenwhhjv4au1000000000.jpg,"$5,085,990",,$5.09m,"2,234 sqft",,/p/ny/new-york/40-e-end-ave-4a-new-york-ny-10028--2173815069
44,1148 5th Ave #14A,3ba,3bd,5047317167,40.787506,-73.95556,/pictures/thumbs_3/zillowstatic/ISi7lw6hisciw80000000000.jpg,/pictures/thumbs_4/zillowstatic/ISi7lw6hisciw80000000000.jpg,"$5,200,000",,$5.2m,,,/p/ny/new-york/1148-5th-ave-14a-new-york-ny-10128--2346065094
45,141 Wooster St #5CD,2ba,3bd,5035689421,40.72603,-73.99986,/pictures/thumbs_3/zillowstatic/ISe48l923bnzlh1000000000.jpg,/pictures/thumbs_4/zillowstatic/ISe48l923bnzlh1000000000.jpg,"$4,995,000",,$5m,"3,300 sqft",,/p/ny/new-york/141-wooster-st-5cd-new-york-ny-10012--2325812072
46,6 Cortlandt Aly #R4,5ba,4bd,5047306249,40.71755,-74.002754,/pictures/thumbs_3/zillowstatic/ISyjhigh2hvfyg0000000000.jpg,/pictures/thumbs_4/zillowstatic/ISyjhigh2hvfyg0000000000.jpg,"$4,750,000",,$4.75m,"3,646 sqft",,/p/ny/new-york/6-cortlandt-aly-r4-new-york-ny-10013--2197055721
47,290 W End Ave #7CD,6ba,5bd,5037913627,40.780785,-73.98335,/pictures/thumbs_3/zillowstatic/ISqpwve2n73d8h1000000000.jpg,/pictures/thumbs_4/zillowstatic/ISqpwve2n73d8h1000000000.jpg,"$6,995,000",,$7m,"4,200 sqft",,/p/ny/new-york/290-w-end-ave-7cd-new-york-ny-10023--2351117204
48,551 W 21st St #17B,4ba,3bd,5047319913,40.747578,-74.0073,/pictures/thumbs_3/zillowstatic/ISmeprwddabegs0000000000.jpg,/pictures/thumbs_4/zillowstatic/ISmeprwddabegs0000000000.jpg,"$16,750,000",,$16.8m,"3,860 sqft",,/p/ny/new-york/551-w-21st-st-17b-new-york-ny-10011--2174546596
49,404 E 76th St #15A,3ba,3bd,3010194581,40.769955,-73.95374,/pictures/thumbs_3/zillowstatic/ISqhekn8mqxu450000000000.jpg,/pictures/thumbs_4/zillowstatic/ISqhekn8mqxu450000000000.jpg,"$2,650,000",,$2.65m,"1,722 sqft",,/p/ny/new-york/404-e-76th-st-15a-new-york-ny-10021--2088855694
50,6 Cortlandt Aly #R3,5ba,4bd,5047306188,40.71756,-74.00275,/pictures/thumbs_3/zillowstatic/ISat0lu2yxg7vg0000000000.jpg,/pictures/thumbs_4/zillowstatic/ISat0lu2yxg7vg0000000000.jpg,"$5,000,000",,$5m,"3,651 sqft",,/p/ny/new-york/6-cortlandt-aly-r3-new-york-ny-10013--2360347594
51,555 End #THE-LIBRAR,6ba,5bd,5047312016,40.789463,-73.97765,/pictures/thumbs_3/zillowstatic/ISyv2vhbi0yig90000000000.jpg,/pictures/thumbs_4/zillowstatic/ISyv2vhbi0yig90000000000.jpg,"$10,500,000",,$10.5m,"3,463 sqft",,/p/ny/new-york/555-end-the-librar-new-york-ny-10024--2360334602
52,300 E 59th St #2801/2,3ba,4bd,5047306251,40.760414,-73.96424,/pictures/thumbs_3/zillowstatic/IS6i9xvseudwug0000000000.jpg,/pictures/thumbs_4/zillowstatic/IS6i9xvseudwug0000000000.jpg,"$2,500,000",,$2.5m,,,/p/ny/new-york/300-e-59th-st-2801-2-new-york-ny-10022--23443
53,139 E 94th St #3CD,3ba,3bd,5047298059,40.784912,-73.95233,/pictures/thumbs_3/zillowstatic/IS6yp4l7jzzj950000000000.jpg,/pictures/thumbs_4/zillowstatic/IS6yp4l7jzzj950000000000.jpg,"$3,250,000",,$3.25m,,,/p/ny/new-york/139-e-94th-st-3cd-new-york-ny-10128--2360344777
54,551 W 21st St #17B,4ba,3bd,3165710238,40.747578,-74.0073,/pictures/thumbs_3/zillowstatic/ISukb7z94tkhnd1000000000.jpg,/pictures/thumbs_4/zillowstatic/ISukb7z94tkhnd1000000000.jpg,"$16,750,000",,$16.8m,"3,860 sqft",,/p/ny/new-york/551-w-21st-st-17b-new-york-ny-10011--2174546596
55,300 W End Ave #4,5ba,4bd,5047306259,40.781174,-73.98305,/pictures/thumbs_3/zillowstatic/ISeob9ezi2mtug0000000000.jpg,/pictures/thumbs_4/zillowstatic/ISeob9ezi2mtug0000000000.jpg,"$6,900,000",,$6.9m,,,/p/ny/new-york/300-w-end-ave-4-new-york-ny-10023--2172956655
56,117 E 72nd St #9,6ba,6bd,5047306193,40.77097,-73.96277,/pictures/thumbs_3/zillowstatic/ISe8flx3lres881000000000.jpg,/pictures/thumbs_4/zillowstatic/ISe8flx3lres881000000000.jpg,"$12,500,000",,$12.5m,,,/p/ny/new-york/117-e-72nd-st-9-new-york-ny-10021--2307441143
57,1115 5th Ave #7A,3ba,3bd,5047316828,40.785618,-73.956924,/pictures/thumbs_3/zillowstatic/IS2zz1t9h8pt6u1000000000.jpg,/pictures/thumbs_4/zillowstatic/IS2zz1t9h8pt6u1000000000.jpg,"$5,850,000",,$5.85m,"2,820 sqft",,/p/ny/new-york/1115-5th-ave-7a-new-york-ny-10128--2209184309
58,30 E 72nd St #2A,4ba,3bd,3196742883,40.771378,-73.96521,/pictures/thumbs_3/zillowstatic/ISmmf53bj6uwxr1000000000.jpg,/pictures/thumbs_4/zillowstatic/ISmmf53bj6uwxr1000000000.jpg,"$8,000,000",,$8m,,,/p/ny/new-york/30-e-72nd-st-2a-new-york-ny-10021--2179863510
59,330 Spring St #2C,3ba,3bd,3001626867,40.725807,-74.00969,/pictures/thumbs_3/zillowstatic/ISivn6v82cimcs0000000000.jpg,/pictures/thumbs_4/zillowstatic/ISivn6v82cimcs0000000000.jpg,"$2,690,000",,$2.69m,"1,810 sqft",,/p/ny/new-york/330-spring-st-2c-new-york-ny-10013--2008602942
60,100 Barclay St #12B,4ba,3bd,5039939790,40.713894,-74.01257,/pictures/thumbs_3/zillowstatic/ISijencehlj40p1000000000.jpg,/pictures/thumbs_4/zillowstatic/ISijencehlj40p1000000000.jpg,"$5,150,000",,$5.15m,"2,355 sqft",,/p/ny/new-york/100-barclay-st-12b-new-york-ny-10007--2332817629
61,101 Wall St #Duplexa,3ba,3bd,5047318897,40.704876,-74.00723,/pictures/thumbs_3/zillowstatic/ISqdn4e0uge2ku1000000000.jpg,/pictures/thumbs_4/zillowstatic/ISqdn4e0uge2ku1000000000.jpg,"$2,250,000",,$2.25m,"1,810 sqft",,/p/ny/new-york/101-wall-st-duplexa-new-york-ny-10005--1001453181
62,20 W 53rd St #36A,4ba,3bd,3209804075,40.760548,-73.976494,/pictures/thumbs_3/zillowstatic/IS6y9k66vaukg30000000000.jpg,/pictures/thumbs_4/zillowstatic/IS6y9k66vaukg30000000000.jpg,"$10,900,000",,$10.9m,"2,525 sqft",,/p/ny/new-york/20-w-53rd-st-36a-new-york-ny-10019--2088847024
63,6 Cortlandt Aly #Pha,4ba,4bd,3232956012,40.71755,-74.002754,/pictures/thumbs_3/zillowstatic/ISewl6huaxbayg0000000000.jpg,/pictures/thumbs_4/zillowstatic/ISewl6huaxbayg0000000000.jpg,"$8,975,000",,$8.98m,"3,276 sqft",,/p/ny/new-york/6-cortlandt-aly-pha-new-york-ny-10013--1097
64,6 Cortlandt Aly #R5,5ba,4bd,5047306243,40.71756,-74.00275,/pictures/thumbs_3/zillowstatic/ISiz2xc926p4vg0000000000.jpg,/pictures/thumbs_4/zillowstatic/ISiz2xc926p4vg0000000000.jpg,"$4,850,000",,$4.85m,"3,641 sqft",,/p/ny/new-york/6-cortlandt-aly-r5-new-york-ny-10013--2360347596
65,6 Cortlandt Aly #B,5ba,3bd,5047306267,40.71756,-74.00275,/pictures/thumbs_3/zillowstatic/ISq559vf6ex1vg0000000000.jpg,/pictures/thumbs_4/zillowstatic/ISq559vf6ex1vg0000000000.jpg,"$9,225,000",,$9.23m,"3,643 sqft",,/p/ny/new-york/6-cortlandt-aly-b-new-york-ny-10013--2360347598
66,320 E 72nd St #8A,4ba,4bd,1090596841,40.768215,-73.95772,/pictures/thumbs_3/zillowstatic/ISmqiy6x0wqhal0000000000.jpg,/pictures/thumbs_4/zillowstatic/ISmqiy6x0wqhal0000000000.jpg,"$3,795,000",,$3.8m,"2,433 sqft",,/p/ny/new-york/320-e-72nd-st-8a-new-york-ny-10021--2180080069
67,531 Main St #502,3ba,3bd,5047321572,40.761536,-73.95034,/pictures/thumbs_3/zillowstatic/IS62570im86gg90000000000.jpg,/pictures/thumbs_4/zillowstatic/IS62570im86gg90000000000.jpg,"$1,400,000",,$1.4m,"1,777 sqft",,/p/ny/new-york/531-main-st-502-new-york-ny-10044--2332765023
68,454 Broome St #2,2ba,3bd,5047296901,40.722427,-74.0006,/pictures/thumbs_3/zillowstatic/ISmex16ab5d2gm0000000000.jpg,/pictures/thumbs_4/zillowstatic/ISmex16ab5d2gm0000000000.jpg,"$3,850,000",,$3.85m,,,/p/ny/new-york/454-broome-st-2-new-york-ny-10013--2189228915
69,10 W 66th St #A,3ba,3bd,3272865258,40.77246,-73.9792,/pictures/thumbs_3/zillowstatic/ISec2mkpvpqzkm0000000000.jpg,/pictures/thumbs_4/zillowstatic/ISec2mkpvpqzkm0000000000.jpg,"$3,450,000",,$3.45m,"2,400 sqft",,/p/ny/new-york/10-w-66th-st-a-new-york-ny-10023--2317710596
70,5 Franklin Pl #3,3ba,4bd,3269622607,40.717842,-74.003685,/pictures/thumbs_3/zillowstatic/IS2ne1t43yf1c61000000000.jpg,/pictures/thumbs_4/zillowstatic/IS2ne1t43yf1c61000000000.jpg,"$5,495,000",,$5.5m,"2,456 sqft",,/p/ny/new-york/5-franklin-pl-3-new-york-ny-10013--2295949077
71,555 W End Ave #4E,5ba,5bd,5047281310,40.78943,-73.97766,/pictures/thumbs_3/zillowstatic/ISmq2q5yshvxws1000000000.jpg,/pictures/thumbs_4/zillowstatic/ISmq2q5yshvxws1000000000.jpg,"$10,300,000",,$10.3m,"3,474 sqft",,/p/ny/new-york/555-w-end-ave-4e-new-york-ny-10024--2360334604
72,555 W End Ave #3W,5ba,4bd,5047281301,40.78943,-73.97766,/pictures/thumbs_3/zillowstatic/ISek0enro9n0xs1000000000.jpg,/pictures/thumbs_4/zillowstatic/ISek0enro9n0xs1000000000.jpg,"$7,900,000",,$7.9m,"2,716 sqft",,/p/ny/new-york/555-w-end-ave-3w-new-york-ny-10024--2360334603
73,41 W 70th St,7ba,6bd,3120258835,40.77578,-73.97839,/pictures/thumbs_3/zillowstatic/ISesi5rx33lhxs0000000000.jpg,/pictures/thumbs_4/zillowstatic/ISesi5rx33lhxs0000000000.jpg,"$15,999,999",,$16m,"8,000 sqft",,/p/ny/new-york/41-w-70th-st-new-york-ny-10023--18569
74,20 W 64th St #21CD,3ba,4bd,3004224783,40.771523,-73.9809,/pictures/thumbs_3/zillowstatic/ISu4zi7hjugesx0000000000.jpg,/pictures/thumbs_4/zillowstatic/ISu4zi7hjugesx0000000000.jpg,"$3,500,000",,$3.5m,,,/p/ny/new-york/20-w-64th-st-21cd-new-york-ny-10023--2178883275
75,210 Lafayette St #9BC,4ba,4bd,5047274451,40.721737,-73.9981,/pictures/thumbs_3/zillowstatic/ISalajlfnq38fu0000000000.jpg,/pictures/thumbs_4/zillowstatic/ISalajlfnq38fu0000000000.jpg,"$5,945,000",,$5.95m,"2,440 sqft",,/p/ny/new-york/210-lafayette-st-9bc-new-york-ny-10012--2360332813
76,179 E 70th St #7A,4ba,3bd,5030124508,40.768837,-73.96213,/pictures/thumbs_3/zillowstatic/ISmuhg3v49psys0000000000.jpg,/pictures/thumbs_4/zillowstatic/ISmuhg3v49psys0000000000.jpg,"$2,595,000",,$2.6m,"2,400 sqft",,/p/ny/new-york/179-e-70th-st-7a-new-york-ny-10021--2331716353
77,555 End #THE-SOLARI,4ba,3bd,5047281292,40.789463,-73.97765,/pictures/thumbs_3/zillowstatic/IS6ey15lk1f3xs1000000000.jpg,/pictures/thumbs_4/zillowstatic/IS6ey15lk1f3xs1000000000.jpg,"$18,000,000",,$18m,"3,420 sqft",,/p/ny/new-york/555-end-the-solari-new-york-ny-10024--2360334602
78,555 End #The,3ba,3bd,5047287941,40.789463,-73.97765,/pictures/thumbs_3/zillowstatic/ISu4bojn4vht241000000000.jpg,/pictures/thumbs_4/zillowstatic/ISu4bojn4vht241000000000.jpg,"$18,000,000",,$18m,"3,420 sqft",,/p/ny/new-york/555-end-the-new-york-ny-10024--2360334602
79,25 Central Park W #11/12JK,4ba,5bd,5047271084,40.770367,-73.98058,/pictures/thumbs_3/zillowstatic/ISyzdiypwcodgu0000000000.jpg,/pictures/thumbs_4/zillowstatic/ISyzdiypwcodgu0000000000.jpg,"$8,950,000",,$8.95m,"3,004 sqft",,/p/ny/new-york/25-central-park-w-11-12jk-new-york-ny-10023--1013076299
80,141 W 24th St #2,3ba,3bd,3007640399,40.74449,-73.99396,/pictures/thumbs_3/zillowstatic/ISmau4jydqdkvi1000000000.jpg,/pictures/thumbs_4/zillowstatic/ISmau4jydqdkvi1000000000.jpg,"$2,999,995",,$3m,"2,500 sqft",,/p/ny/new-york/141-w-24th-st-2-new-york-ny-10011--2173618569
81,251 W 11th St,4ba,5bd,3074803295,40.736362,-74.003365,/pictures/thumbs_3/zillowstatic/IS2rhmyui1gdkh1000000000.jpg,/pictures/thumbs_4/zillowstatic/IS2rhmyui1gdkh1000000000.jpg,"$9,995,000",,$10m,,,/p/ny/new-york/251-w-11th-st-new-york-ny-10014--158923
82,418 W 20th St,6ba,5bd,3025617785,40.744846,-74.00383,/pictures/thumbs_3/zillowstatic/ISu0ojtsdq6fkt1000000000.jpg,/pictures/thumbs_4/zillowstatic/ISu0ojtsdq6fkt1000000000.jpg,"$8,500,000",,$8.5m,"5,100 sqft",,/p/ny/new-york/418-w-20th-st-new-york-ny-10011--11021
83,450 E 52nd St #4THFLOOR,4ba,4bd,5047285162,40.754047,-73.96328,/pictures/thumbs_3/zillowstatic/ISqd3xqpdh2he51000000000.jpg,/pictures/thumbs_4/zillowstatic/ISqd3xqpdh2he51000000000.jpg,"$6,150,000",,$6.15m,"3,000 sqft",,/p/ny/new-york/450-e-52nd-st-4thfloor-new-york-ny-10022--2360335953
84,15 E 69th St #16B,6ba,4bd,5047281302,40.770245,-73.96684,/pictures/thumbs_3/zillowstatic/IS23jzedt5thft1000000000.jpg,/pictures/thumbs_4/zillowstatic/IS23jzedt5thft1000000000.jpg,"$17,500,000",,$17.5m,"4,167 sqft",,/p/ny/new-york/15-e-69th-st-16b-new-york-ny-10021--2088853399
85,105 Hudson St #8N,2ba,3bd,3246767849,40.719524,-74.009,/pictures/thumbs_3/zillowstatic/ISmmbm16mh1ghr0000000000.jpg,/pictures/thumbs_4/zillowstatic/ISmmbm16mh1ghr0000000000.jpg,"$5,500,000",,$5.5m,"2,880 sqft",,/p/ny/new-york/105-hudson-st-8n-new-york-ny-10013--2207230100
86,425 W 53rd St #417,4ba,4bd,3077815411,40.76578,-73.9882,/pictures/thumbs_3/zillowstatic/ISibw7q5tuupd00000000000.jpg,/pictures/thumbs_4/zillowstatic/ISibw7q5tuupd00000000000.jpg,"$4,450,000",,$4.45m,"2,767 sqft",,/p/ny/new-york/425-w-53rd-st-417-new-york-ny-10019--2088851149
87,410 Central Park W #15AB,4ba,4bd,5047284710,40.794823,-73.962776,/pictures/thumbs_3/zillowstatic/IS6em82mk547g61000000000.jpg,/pictures/thumbs_4/zillowstatic/IS6em82mk547g61000000000.jpg,"$3,264,000",,$3.26m,,,/p/ny/new-york/410-central-park-w-15ab-new-york-ny-10025--2360335798
88,67 Franklin St #2A,3ba,4bd,3157294844,40.717506,-74.00399,/pictures/thumbs_3/zillowstatic/IS2f0lg2flk6h00000000000.jpg,/pictures/thumbs_4/zillowstatic/IS2f0lg2flk6h00000000000.jpg,"$5,250,000",,$5.25m,"3,208 sqft",,/p/ny/new-york/67-franklin-st-2a-new-york-ny-10013--2008609390
89,60 Sutton Pl S #10DEN,3ba,3bd,3076407692,40.755344,-73.96285,/pictures/thumbs_3/zillowstatic/ISa9lrhy6omsqa0000000000.jpg,/pictures/thumbs_4/zillowstatic/ISa9lrhy6omsqa0000000000.jpg,"$3,125,000",,$3.13m,,,/p/ny/new-york/60-sutton-pl-s-10den-new-york-ny-10022--2325648934
90,415 Greenwich St #3A,3ba,3bd,3085653088,40.721767,-74.00949,/pictures/thumbs_3/zillowstatic/ISaxrkvtyu6u7c0000000000.jpg,/pictures/thumbs_4/zillowstatic/ISaxrkvtyu6u7c0000000000.jpg,"$4,950,000",,$4.95m,"2,318 sqft",,/p/ny/new-york/415-greenwich-st-3a-new-york-ny-10013--2008606361
91,125 Greenwich Ave #79D,4ba,3bd,5047233562,40.738243,-74.0023,/pictures/thumbs_3/zillowstatic/ISa5uvzk4n7sjf0000000000.jpg,/pictures/thumbs_4/zillowstatic/ISa5uvzk4n7sjf0000000000.jpg,"$6,975,000",,$6.98m,"1,932 sqft",,/p/ny/new-york/125-greenwich-ave-79d-new-york-ny-10014--2360314287
92,7 Dutch St #1,3ba,3bd,1075915885,40.709522,-74.00767,/pictures/thumbs_3/zillowstatic/ISushpnw6anh3o1000000000.jpg,/pictures/thumbs_4/zillowstatic/ISushpnw6anh3o1000000000.jpg,"$3,999,095",,$4m,"3,428 sqft",,/p/ny/new-york/7-dutch-st-1-new-york-ny-10038--2008696265
93,125 Greenwich Ave #21D,4ba,3bd,5035140515,40.738243,-74.0023,/pictures/thumbs_3/zillowstatic/ISaxfv7deqm6j00000000000.jpg,/pictures/thumbs_4/zillowstatic/ISaxfv7deqm6j00000000000.jpg,"$3,929,900",,$3.93m,"1,932 sqft",,/p/ny/new-york/125-greenwich-ave-21d-new-york-ny-10014--2346166212
94,824 Saint Nicholas Ave #45,1ba,3bd,5047241135,40.8282,-73.9422,/pictures/thumbs_3/zillowstatic/IS2voib5xcv8lf0000000000.jpg,/pictures/thumbs_4/zillowstatic/IS2voib5xcv8lf0000000000.jpg,"$350,000",,$350k,800 sqft,,/p/ny/new-york/824-saint-nicholas-ave-45-new-york-ny-10031--2187020846
95,795 5th Ave #3801/3804,3ba,3bd,12071665,40.76514,-73.97217,/pictures/thumbs_3/zillowstatic/ISqtz47isxd68q0000000000.jpg,/pictures/thumbs_4/zillowstatic/ISqtz47isxd68q0000000000.jpg,"$11,895,000",,$11.9m,,,/p/ny/new-york/795-5th-ave-3801-3804-new-york-ny-10065--145727
96,67 Franklin St #4D,3ba,4bd,3157282392,40.717506,-74.00399,/pictures/thumbs_3/zillowstatic/ISu8y8yvadc9h00000000000.jpg,/pictures/thumbs_4/zillowstatic/ISu8y8yvadc9h00000000000.jpg,"$7,350,000",,$7.35m,"3,764 sqft",,/p/ny/new-york/67-franklin-st-4d-new-york-ny-10013--2008609396
97,975 Park Ave #15B,3ba,4bd,3095537237,40.777863,-73.958275,/pictures/thumbs_3/zillowstatic/ISqpg7hz1swzl40000000000.jpg,/pictures/thumbs_4/zillowstatic/ISqpg7hz1swzl40000000000.jpg,"$5,900,000",,$5.9m,,,/p/ny/new-york/975-park-ave-15b-new-york-ny-10028--2182624727
98,111 W 57th St #32,4ba,3bd,5047231350,40.76463,-73.97755,/pictures/thumbs_3/zillowstatic/IS2jndlozw9hxs1000000000.jpg,/pictures/thumbs_4/zillowstatic/IS2jndlozw9hxs1000000000.jpg,"$18,000,000",,$18m,"4,491 sqft",,/p/ny/new-york/111-w-57th-st-32-new-york-ny-10019--2360311895
99,252 South St #59C,3ba,3bd,5038740489,40.710068,-73.99099,/pictures/thumbs_3/zillowstatic/IS2bhb530pnt9r0000000000.jpg,/pictures/thumbs_4/zillowstatic/IS2bhb530pnt9r0000000000.jpg,"$4,228,000",,$4.23m,"1,487 sqft",,/p/ny/manhattan/252-south-st-59c-manhattan-ny-10002--2351971267
100,2 River Ter #25/26C,4ba,3bd,42824967,40.764877,-73.94704,/pictures/thumbs_3/zillowstatic/ISijqk2a5dfqcj1000000000.jpg,/pictures/thumbs_4/zillowstatic/ISijqk2a5dfqcj1000000000.jpg,"$3,598,000",,$3.6m,"1,930 sqft",,/p/ny/new-york/2-river-ter-25-26c-new-york-ny-10282--1008389372
101,125 Greenwich Ave #50D,4ba,3bd,5031052227,40.738243,-74.0023,/pictures/thumbs_3/zillowstatic/ISukb7706a6cj00000000000.jpg,/pictures/thumbs_4/zillowstatic/ISukb7706a6cj00000000000.jpg,"$4,759,900",,$4.76m,"1,933 sqft",,/p/ny/new-york/125-greenwich-ave-50d-new-york-ny-10014--2337575975
102,730 Park Ave #7C,5ba,4bd,3246060885,40.77042,-73.96492,/pictures/thumbs_3/zillowstatic/ISi7xliwxi1xnm0000000000.jpg,/pictures/thumbs_4/zillowstatic/ISi7xliwxi1xnm0000000000.jpg,"$8,500,000",,$8.5m,"4,300 sqft",,/p/ny/new-york/730-park-ave-7c-new-york-ny-10021--2197782243
103,67 Franklin St #6A,4ba,5bd,3220256051,40.717506,-74.00399,/pictures/thumbs_3/zillowstatic/ISm2wwfp654ch00000000000.jpg,/pictures/thumbs_4/zillowstatic/ISm2wwfp654ch00000000000.jpg,"$9,500,000",,$9.5m,"4,250 sqft",,/p/ny/new-york/67-franklin-st-6a-new-york-ny-10013--2008609398
104,252 South St #59E,2ba,3bd,3261799493,40.710068,-73.99099,/pictures/thumbs_3/zillowstatic/ISaxzm2n2wtfar0000000000.jpg,/pictures/thumbs_4/zillowstatic/ISaxzm2n2wtfar0000000000.jpg,"$3,527,000",,$3.53m,"1,400 sqft",,/p/ny/manhattan/252-south-st-59e-manhattan-ny-10002--2297301909
105,133 E 80th St #4A,4ba,4bd,5047230954,40.775925,-73.95849,/pictures/thumbs_3/zillowstatic/IS6qbcrbnncib60000000000.jpg,/pictures/thumbs_4/zillowstatic/IS6qbcrbnncib60000000000.jpg,"$6,900,000",,$6.9m,,,/p/ny/new-york/133-e-80th-st-4a-new-york-ny-10075--2191416953
106,13 W 121st St,5ba,5bd,5047230942,40.80505,-73.94638,/pictures/thumbs_3/zillowstatic/IS27emgjxf1zd60000000000.jpg,/pictures/thumbs_4/zillowstatic/IS27emgjxf1zd60000000000.jpg,"$5,295,000",,$5.3m,"4,540 sqft",,/p/ny/new-york/13-w-121st-st-new-york-ny-10027--2088884945
107,252 South St #35C,3ba,3bd,3255570752,40.710068,-73.99099,/pictures/thumbs_3/zillowstatic/IS27eaztwmj7br0000000000.jpg,/pictures/thumbs_4/zillowstatic/IS27eaztwmj7br0000000000.jpg,"$3,792,000",,$3.79m,"1,487 sqft",,/p/ny/manhattan/252-south-st-35c-manhattan-ny-10002--2283030702
108,930 Park Ave #8S,3ba,3bd,5036407141,40.776913,-73.96004,/pictures/thumbs_3/zillowstatic/ISa130ql6rftb60000000000.jpg,/pictures/thumbs_4/zillowstatic/ISa130ql6rftb60000000000.jpg,"$7,350,000",,$7.35m,,,/p/ny/new-york/930-park-ave-8s-new-york-ny-10028--2192107375
109,10 W 66th St #8D,3ba,3bd,5047230949,40.77246,-73.9792,/pictures/thumbs_3/zillowstatic/ISmu9yf6pzk4e60000000000.jpg,/pictures/thumbs_4/zillowstatic/ISmu9yf6pzk4e60000000000.jpg,"$2,195,000",,$2.2m,"1,600 sqft",,/p/ny/new-york/10-w-66th-st-8d-new-york-ny-10023--2346016512
110,67 Franklin St #2B,3ba,3bd,3157281877,40.717506,-74.00399,/pictures/thumbs_3/zillowstatic/ISewtkxi2xveh00000000000.jpg,/pictures/thumbs_4/zillowstatic/ISewtkxi2xveh00000000000.jpg,"$4,650,000",,$4.65m,"2,990 sqft",,/p/ny/new-york/67-franklin-st-2b-new-york-ny-10013--2008609391
111,252 South St #62A,3ba,3bd,5040963251,40.710068,-73.99099,/pictures/thumbs_3/zillowstatic/ISm6fau11600bs1000000000.jpg,/pictures/thumbs_4/zillowstatic/ISm6fau11600bs1000000000.jpg,"$4,436,000",,$4.44m,"1,667 sqft",,/p/ny/manhattan/252-south-st-62a-manhattan-ny-10002--2353872733
112,7 Centre Market Pl,5ba,5bd,3065201937,40.72014,-73.997536,/pictures/thumbs_3/zillowstatic/IS664t7v0eu08q0000000000.jpg,/pictures/thumbs_4/zillowstatic/IS664t7v0eu08q0000000000.jpg,"$9,500,000",,$9.5m,"5,750 sqft",,/p/ny/new-york/7-centre-market-pl-new-york-ny-10013--6139
113,105 E 29th St #8,4ba,4bd,5047214067,40.743874,-73.98288,/pictures/thumbs_3/zillowstatic/IS6anmm2c8szmm0000000000.jpg,/pictures/thumbs_4/zillowstatic/IS6anmm2c8szmm0000000000.jpg,"$4,500,000",,$4.5m,,,/p/ny/new-york/105-e-29th-st-8-new-york-ny-10016--2173701392
114,254 W 10th St #2B,3ba,3bd,5047231359,40.73358,-74.00644,/pictures/thumbs_3/zillowstatic/IS27q3anxnrzg40000000000.jpg,/pictures/thumbs_4/zillowstatic/IS27q3anxnrzg40000000000.jpg,"$2,500,000",,$2.5m,"1,300 sqft",,/p/ny/new-york/254-w-10th-st-2b-new-york-ny-10014--2360311901
115,111 W 110th St #9AA,3ba,3bd,5047214844,40.7988,-73.95283,/pictures/thumbs_3/zillowstatic/ISap9xuo1kcikj1000000000.jpg,/pictures/thumbs_4/zillowstatic/ISap9xuo1kcikj1000000000.jpg,"$3,675,000",,$3.68m,"1,955 sqft",,/p/ny/new-york/111-w-110th-st-9aa-new-york-ny-10026--2360296705
116,268 E 4th St #2CD,2ba,3bd,3247227749,40.72262,-73.98153,/pictures/thumbs_3/zillowstatic/ISma2vgksto6og1000000000.jpg,/pictures/thumbs_4/zillowstatic/ISma2vgksto6og1000000000.jpg,"$1,900,000",,$1.9m,900 sqft,,/p/ny/new-york/268-e-4th-st-2cd-new-york-ny-10009--2264791993
117,201 W 89th St #7B,2ba,3bd,5047194411,40.78981,-73.9737,/pictures/thumbs_3/zillowstatic/ISa1fh7ohv37bo0000000000.jpg,/pictures/thumbs_4/zillowstatic/ISa1fh7ohv37bo0000000000.jpg,"$2,200,000",,$2.2m,,,/p/ny/new-york/201-w-89th-st-7b-new-york-ny-10024--2346005997
118,1 Irving Pl #14FG,2ba,3bd,3199820936,40.73405,-73.988914,/pictures/thumbs_3/zillowstatic/ISap52onqo1jhz0000000000.jpg,/pictures/thumbs_4/zillowstatic/ISap52onqo1jhz0000000000.jpg,"$2,950,000",,$2.95m,"1,400 sqft",,/p/ny/new-york/1-irving-pl-14fg-new-york-ny-10003--2177124906
119,685 W End Ave #4B,2ba,3bd,3217652064,40.793663,-73.97483,/pictures/thumbs_3/zillowstatic/ISizm4wobk6mix1000000000.jpg,/pictures/thumbs_4/zillowstatic/ISizm4wobk6mix1000000000.jpg,"$2,750,000",,$2.75m,"2,000 sqft",,/p/ny/new-york/685-w-end-ave-4b-new-york-ny-10025--2181821271
120,29 W 119th St #53,1ba,3bd,5037102613,40.803238,-73.94595,/pictures/thumbs_3/zillowstatic/ISukrznwtde0d51000000000.jpg,/pictures/thumbs_4/zillowstatic/ISukrznwtde0d51000000000.jpg,"$725,000",,$725k,875 sqft,,/p/ny/new-york/29-w-119th-st-53-new-york-ny-10026--2189215680
121,482 Greenwich St #6,4ba,3bd,5047192812,40.724724,-74.00949,/pictures/thumbs_3/zillowstatic/IS6i5qvo0maapo0000000000.jpg,/pictures/thumbs_4/zillowstatic/IS6i5qvo0maapo0000000000.jpg,"$6,400,000",,$6.4m,"2,488 sqft",,/p/ny/new-york/482-greenwich-st-6-new-york-ny-10013--2008607278
122,447 W 18th St #3AB,4ba,3bd,5047171445,40.74414,-74.00479,/pictures/thumbs_3/zillowstatic/ISyv6evd1ypzkm0000000000.jpg,/pictures/thumbs_4/zillowstatic/ISyv6evd1ypzkm0000000000.jpg,"$3,950,000",,$3.95m,"2,313 sqft",,/p/ny/new-york/447-w-18th-st-3ab-new-york-ny-10011--2360267739
123,380 W 12th St #5A,2ba,3bd,3246635293,40.737362,-74.00887,/pictures/thumbs_3/zillowstatic/ISeo7a49zp78ju0000000000.jpg,/pictures/thumbs_4/zillowstatic/ISeo7a49zp78ju0000000000.jpg,"$3,450,000",,$3.45m,"2,000 sqft",,/p/ny/new-york/380-w-12th-st-5a-new-york-ny-10014--2204973306
124,555 Park Ave #10W,5ba,5bd,5039108428,40.764545,-73.9684,/pictures/thumbs_3/zillowstatic/ISu8qy09gensyf0000000000.jpg,/pictures/thumbs_4/zillowstatic/ISu8qy09gensyf0000000000.jpg,"$9,150,000",,$9.15m,"4,250 sqft",,/p/ny/new-york/555-park-ave-10w-new-york-ny-10065--2226770326
125,250 S End Ave #14A/F,2ba,3bd,13511054,40.709747,-74.016136,/pictures/thumbs_3/zillowstatic/ISmicw2p384s0v0000000000.jpg,/pictures/thumbs_4/zillowstatic/ISmicw2p384s0v0000000000.jpg,"$2,450,000",,$2.45m,"1,347 sqft",,/p/ny/new-york/250-s-end-ave-14a-f-new-york-ny-10280--1001496227
126,74C Plan in One Manhattan Square,3ba,3bd,4053601757,40.70994,-73.99121,/pictures/thumbs_3/ps.111/d/3/7/1/picture-uh=b3ce7dc77336a7c557ac858adc1b4d-ps=d37181cc1e8998bf34b6346fb28e4f6.jpg,/pictures/thumbs_4/ps.111/d/3/7/1/picture-uh=b3ce7dc77336a7c557ac858adc1b4d-ps=d37181cc1e8998bf34b6346fb28e4f6.jpg,"$4,350,000+",,$4.35m+,"1,487 sqft",,/builder-community/One-Manhattan-Square-6000243097/new-home/Plan-74C/4053601757
127,177 9th Ave #C,4ba,4bd,5047155632,40.745045,-74.00286,/pictures/thumbs_3/zillowstatic/ISmuxkpnm9wuwx1000000000.jpg,/pictures/thumbs_4/zillowstatic/ISmuxkpnm9wuwx1000000000.jpg,"$6,400,000",,$6.4m,"2,365 sqft",,/p/ny/new-york/177-9th-ave-c-new-york-ny-10011--2332167239
128,64E Plan in One Manhattan Square,2ba,3bd,4053601573,40.70994,-73.99121,/pictures/thumbs_3/ps.111/d/3/7/1/picture-uh=b3ce7dc77336a7c557ac858adc1b4d-ps=d37181cc1e8998bf34b6346fb28e4f6.jpg,/pictures/thumbs_4/ps.111/d/3/7/1/picture-uh=b3ce7dc77336a7c557ac858adc1b4d-ps=d37181cc1e8998bf34b6346fb28e4f6.jpg,"$3,557,000+",,$3.56m+,"1,400 sqft",,/builder-community/One-Manhattan-Square-6000243097/new-home/Plan-64E/4053601573
129,1010 Park Ave #11,5ba,4bd,5047068606,40.77949,-73.958275,/pictures/thumbs_3/zillowstatic/IS23bt4j7iwq7h1000000000.jpg,/pictures/thumbs_4/zillowstatic/IS23bt4j7iwq7h1000000000.jpg,"$18,500,000",,$18.5m,,,/p/ny/new-york/1010-park-ave-11-new-york-ny-10028--2360196553
130,36C Plan in One Manhattan Square,3ba,3bd,4053602424,40.70994,-73.99121,/pictures/thumbs_3/ps.111/d/3/7/1/picture-uh=b3ce7dc77336a7c557ac858adc1b4d-ps=d37181cc1e8998bf34b6346fb28e4f6.jpg,/pictures/thumbs_4/ps.111/d/3/7/1/picture-uh=b3ce7dc77336a7c557ac858adc1b4d-ps=d37181cc1e8998bf34b6346fb28e4f6.jpg,"$3,802,000+",,$3.8m+,"1,487 sqft",,/builder-community/One-Manhattan-Square-6000243097/new-home/Plan-36C/4053602424
131,240 Riverside Blvd #6-E,4ba,3bd,3261928665,40.780308,-73.98692,/pictures/thumbs_3/zillowstatic/ISatwdabwtldeu0000000000.jpg,/pictures/thumbs_4/zillowstatic/ISatwdabwtldeu0000000000.jpg,"$4,100,000",,$4.1m,"1,970 sqft",,/p/ny/new-york/240-riverside-blvd-6-e-new-york-ny-10069--2297435078
132,160 Leroy St #NORTH11A,4ba,3bd,3223114540,40.730343,-74.00956,/pictures/thumbs_3/zillowstatic/ISe87j6nxtphj00000000000.jpg,/pictures/thumbs_4/zillowstatic/ISe87j6nxtphj00000000000.jpg,"$7,995,000",,$8m,"2,046 sqft",,/p/ny/new-york/160-leroy-st-north11a-new-york-ny-10014--2008614556
133,125 E 72nd St #14D,3ba,4bd,5047133229,40.770874,-73.9629,/pictures/thumbs_3/zillowstatic/ISinlrjd5508cu0000000000.jpg,/pictures/thumbs_4/zillowstatic/ISinlrjd5508cu0000000000.jpg,"$6,350,000",,$6.35m,,,/p/ny/new-york/125-e-72nd-st-14d-new-york-ny-10021--2191412026
134,870 United Nations Plz #17E,3ba,3bd,5047155635,40.752533,-73.965965,/pictures/thumbs_3/zillowstatic/ISmm38ltvkjgt90000000000.jpg,/pictures/thumbs_4/zillowstatic/ISmm38ltvkjgt90000000000.jpg,"$2,000,000",,$2m,"443,522 sqft",,/p/ny/new-york/870-united-nations-plz-17e-new-york-ny-10017--2206897243
135,35 Bethune St #MAISONETTE,3ba,4bd,1039655619,40.73679,-74.00767,/pictures/thumbs_3/zillowstatic/ISahj7vo400njd1000000000.jpg,/pictures/thumbs_4/zillowstatic/ISahj7vo400njd1000000000.jpg,"$2,895,000",,$2.9m,"2,110 sqft",,/p/ny/new-york/35-bethune-st-maisonette-new-york-ny-10014--1001433878
136,2041 5th Ave #6G,2ba,4bd,5047155684,40.807133,-73.94129,/pictures/thumbs_3/zillowstatic/ISuclpx9g3cgm90000000000.jpg,/pictures/thumbs_4/zillowstatic/ISuclpx9g3cgm90000000000.jpg,"$799,000",,$799k,"1,475 sqft",,/p/ny/new-york/2041-5th-ave-6g-new-york-ny-10035--2360236569
137,455 E 86th St #31B,3ba,3bd,3144041698,40.776356,-73.947174,/pictures/thumbs_3/zillowstatic/IS2rxyibc6aup90000000000.jpg,/pictures/thumbs_4/zillowstatic/IS2rxyibc6aup90000000000.jpg,"$2,650,000",,$2.65m,,,/p/ny/new-york/455-e-86th-st-31b-new-york-ny-10028--2088889598
138,78 W 132nd St,5ba,5bd,3103822526,40.811714,-73.94173,/pictures/thumbs_3/zillowstatic/ISecasmlxskff11000000000.jpg,/pictures/thumbs_4/zillowstatic/ISecasmlxskff11000000000.jpg,"$2,599,999",,$2.6m,"3,744 sqft",,/p/ny/new-york/78-w-132nd-st-new-york-ny-10037--32122
139,61A Plan in One Manhattan Square,3ba,3bd,4053602279,40.70994,-73.99121,/pictures/thumbs_3/ps.111/d/3/7/1/picture-uh=b3ce7dc77336a7c557ac858adc1b4d-ps=d37181cc1e8998bf34b6346fb28e4f6.jpg,/pictures/thumbs_4/ps.111/d/3/7/1/picture-uh=b3ce7dc77336a7c557ac858adc1b4d-ps=d37181cc1e8998bf34b6346fb28e4f6.jpg,"$4,424,000+",,$4.42m+,"1,667 sqft",,/builder-community/One-Manhattan-Square-6000243097/new-home/Plan-61A/4053602279
140,250 W 82nd St #21,3ba,4bd,5047115148,40.785732,-73.97878,/pictures/thumbs_3/zillowstatic/ISq12odop5agim0000000000.jpg,/pictures/thumbs_4/zillowstatic/ISq12odop5agim0000000000.jpg,"$3,250,000",,$3.25m,,,/p/ny/new-york/250-w-82nd-st-21-new-york-ny-10024--2189230681
141,400 W 12th St #6C,4ba,3bd,3112751383,40.73721,-74.00925,/pictures/thumbs_3/zillowstatic/ISyvmeehajcgdu0000000000.jpg,/pictures/thumbs_4/zillowstatic/ISyvmeehajcgdu0000000000.jpg,"$11,500,000",,$11.5m,"2,626 sqft",,/p/ny/new-york/400-w-12th-st-6c-new-york-ny-10014--2088831149
142,1010 Park Ave #10,5ba,4bd,5047122855,40.77949,-73.958275,/pictures/thumbs_3/zillowstatic/IS2jnxg6m7vumk0000000000.jpg,/pictures/thumbs_4/zillowstatic/IS2jnxg6m7vumk0000000000.jpg,"$18,000,000",,$18m,"3,881 sqft",,/p/ny/new-york/1010-park-ave-10-new-york-ny-10028--2360196560
143,71 Laight St #3C,6ba,5bd,3132098248,40.722027,-74.010185,/pictures/thumbs_3/zillowstatic/ISmi8h84e9tpyn1000000000.jpg,/pictures/thumbs_4/zillowstatic/ISmi8h84e9tpyn1000000000.jpg,"$9,810,000",,$9.81m,"3,708 sqft",,/p/ny/new-york/71-laight-st-3c-new-york-ny-10013--2008609808
144,738 Broadway #PH1,3ba,3bd,5033490032,40.729618,-73.99281,/pictures/thumbs_3/zillowstatic/ISegtpgb0ub0aq1000000000.jpg,/pictures/thumbs_4/zillowstatic/ISegtpgb0ub0aq1000000000.jpg,"$4,950,000",,$4.95m,"3,188 sqft",,/p/ny/new-york/738-broadway-ph1-new-york-ny-10003--2187410955
145,88 Greenwich St #1901,3ba,3bd,3086764714,40.707867,-74.01382,/pictures/thumbs_3/zillowstatic/ISugw0drmiv0wf0000000000.jpg,/pictures/thumbs_4/zillowstatic/ISugw0drmiv0wf0000000000.jpg,"$2,995,000",,$3m,"1,940 sqft",,/p/ny/new-york/88-greenwich-st-1901-new-york-ny-10006--2008561164
146,116 W 127th St #2,4ba,3bd,3238716772,40.809223,-73.94549,/pictures/thumbs_3/zillowstatic/ISa5a4hg8o029h1000000000.jpg,/pictures/thumbs_4/zillowstatic/ISa5a4hg8o029h1000000000.jpg,"$2,995,000",,$3m,"2,577 sqft",,/p/ny/new-york/116-w-127th-st-2-new-york-ny-10027--2185939134
147,251 W 89th St #4A,3ba,3bd,3220369107,40.790337,-73.97495,/pictures/thumbs_3/zillowstatic/ISeozr82sch4041000000000.jpg,/pictures/thumbs_4/zillowstatic/ISeozr82sch4041000000000.jpg,"$2,000,000",,$2m,"1,700 sqft",,/p/ny/new-york/251-w-89th-st-4a-new-york-ny-10024--2088872894
148,610 W 110th St #12A,3ba,3bd,5047146286,40.804237,-73.96759,/pictures/thumbs_3/zillowstatic/ISat0pd4vybvvf0000000000.jpg,/pictures/thumbs_4/zillowstatic/ISat0pd4vybvvf0000000000.jpg,"$2,395,000",,$2.4m,"1,452 sqft",,/p/ny/new-york/610-w-110th-st-12a-new-york-ny-10025--2088880837
149,235 E 22nd St #11T,2ba,3bd,5047140990,40.737957,-73.98275,/pictures/thumbs_3/zillowstatic/ISm2sp3cpqyb831000000000.jpg,/pictures/thumbs_4/zillowstatic/ISm2sp3cpqyb831000000000.jpg,"$3,100,000",,$3.1m,,,/p/ny/new-york/235-e-22nd-st-11t-new-york-ny-10010--2332141922
150,252 W 85th St #4-D,3ba,3bd,3099336770,40.787758,-73.97789,/pictures/thumbs_3/zillowstatic/IS6qfjfa1pgjkx1000000000.jpg,/pictures/thumbs_4/zillowstatic/IS6qfjfa1pgjkx1000000000.jpg,"$1,745,000",,$1.75m,"1,250 sqft",,/p/ny/new-york/252-w-85th-st-4-d-new-york-ny-10024--2179502822
151,285 W 110th St #2B,3ba,4bd,3253953493,40.800407,-73.95723,/pictures/thumbs_3/zillowstatic/ISusdu4qnx2djj0000000000.jpg,/pictures/thumbs_4/zillowstatic/ISusdu4qnx2djj0000000000.jpg,"$4,335,750",,$4.34m,"1,797 sqft",,/p/ny/new-york/285-w-110th-st-2b-new-york-ny-10026--2290383512
152,285 W 110th St #8B,3ba,3bd,5047161754,40.800407,-73.95723,/pictures/thumbs_3/zillowstatic/ISmmbimjjpufjj0000000000.jpg,/pictures/thumbs_4/zillowstatic/ISmmbimjjpufjj0000000000.jpg,"$4,636,500",,$4.64m,,,/p/ny/new-york/285-w-110th-st-8b-new-york-ny-10026--2332718348
153,730 Saint Nicholas Ave,6ba,8bd,3135027077,40.82491,-73.94371,/pictures/thumbs_3/zillowstatic/ISifjgj51a20y90000000000.jpg,/pictures/thumbs_4/zillowstatic/ISifjgj51a20y90000000000.jpg,"$5,250,000",,$5.25m,"6,840 sqft",,/p/ny/new-york/730-saint-nicholas-ave-new-york-ny-10031--39188
154,252 W 30th St #15,2ba,3bd,5047151271,40.749256,-73.99489,/pictures/thumbs_3/zillowstatic/ISyf6bk1t27jp90000000000.jpg,/pictures/thumbs_4/zillowstatic/ISyf6bk1t27jp90000000000.jpg,"$4,495,000",,$4.5m,"2,100 sqft",,/p/ny/new-york/252-w-30th-st-15-new-york-ny-10001--2088806896
155,210 E 15th St #10HJK,3ba,3bd,5047039349,40.73346,-73.98605,/pictures/thumbs_3/zillowstatic/ISecym2d9qchbv0000000000.jpg,/pictures/thumbs_4/zillowstatic/ISecym2d9qchbv0000000000.jpg,"$2,695,000",,$2.7m,,,/p/ny/new-york/210-e-15th-st-10hjk-new-york-ny-10003--2326199927
156,322 W 72nd St #11B,3ba,3bd,5047039782,40.77997,-73.985596,/pictures/thumbs_3/zillowstatic/IS2rdr33zu9lzy0000000000.jpg,/pictures/thumbs_4/zillowstatic/IS2rdr33zu9lzy0000000000.jpg,"$2,860,000",,$2.86m,,,/p/ny/new-york/322-w-72nd-st-11b-new-york-ny-10023--2239287846
157,350 W 71st St #3B,3ba,3bd,5047068653,40.779655,-73.98687,/pictures/thumbs_3/zillowstatic/IS2fciuksu8z0p1000000000.jpg,/pictures/thumbs_4/zillowstatic/IS2fciuksu8z0p1000000000.jpg,"$3,095,000",,$3.1m,"1,710 sqft",,/p/ny/new-york/350-w-71st-st-3b-new-york-ny-10023--2360196557
158,1220 Park Ave #15B,5ba,5bd,3046948305,40.786266,-73.9534,/pictures/thumbs_3/zillowstatic/IS2blm0akdzxbv0000000000.jpg,/pictures/thumbs_4/zillowstatic/IS2blm0akdzxbv0000000000.jpg,"$12,000,000",,$12m,,,/p/ny/new-york/1220-park-ave-15b-new-york-ny-10128--2177766420
159,76 11th Ave #14C,5ba,4bd,5047032241,40.74583,-74.00785,/pictures/thumbs_3/zillowstatic/IS2v47xaks2z090000000000.jpg,/pictures/thumbs_4/zillowstatic/IS2v47xaks2z090000000000.jpg,"$9,300,000",,$9.3m,"2,867 sqft",,/p/ny/new-york/76-11th-ave-14c-new-york-ny-10011--2360162537
